dataset,model,PR-AUC,ROC-AUC,Max F1,Max F1 Precision,Max F1 Recall,runtime,subsample,n_trees,height,PR-AUC_std,ROC-AUC_std,Max F1_std,Max F1 Precision_std,Max F1 Recall_std,runtime_std,subsample_std,n_trees_std,height_std
covertype,HST,0.1567777678234903,0.9261167252276672,0.2692307692307692,0.2558139534883721,0.28413284132841327,161.02271580696106,50000.0,25.0,15.0,,,,,,,,,
creditcard,HST,0.27892827517258906,0.9542439539957193,0.3653846153846153,0.6333333333333333,0.25675675675675674,165.41639971733093,50000.0,25.0,15.0,,,,,,,,,
shuttle,HST,0.6826439431335765,0.9683852941553921,0.80705734089477,0.7237793851717902,0.911990885787525,160.97679901123047,50000.0,25.0,15.0,,,,,,,,,
