,PR-AUC,ROC-AUC,Max F1,Max F1 Precision,Max F1 Recall,runtime,status,model,subsample,preprocessor,postprocessor,seed,n_trees,height,dataset
0,0.1567777678234903,0.9261167252276672,0.2692307692307692,0.2558139534883721,0.28413284132841327,161.02271580696106,Completed,HST,50000,minmax,none,,25,15,covertype
1,0.27892827517258906,0.9542439539957193,0.3653846153846153,0.6333333333333333,0.25675675675675674,165.41639971733093,Completed,HST,50000,minmax,none,,25,15,creditcard
2,0.6826439431335765,0.9683852941553921,0.80705734089477,0.7237793851717902,0.911990885787525,160.97679901123047,Completed,HST,50000,minmax,none,,25,15,shuttle
